c_lat,c_lon,n_lat,gr_id,e_lon,w_lon,s_lat
40.489999999999995,-74.25,40.5,0,-74.24000000000001,-74.26,40.48
40.489999999999995,-74.23,40.5,1,-74.22000000000001,-74.24000000000001,40.48
40.489999999999995,-74.21000000000001,40.5,2,-74.20000000000002,-74.22000000000001,40.48
40.489999999999995,-74.19000000000001,40.5,3,-74.18000000000002,-74.20000000000002,40.48
40.489999999999995,-74.17000000000002,40.5,4,-74.16000000000003,-74.18000000000002,40.48
40.489999999999995,-74.15000000000002,40.5,5,-74.14000000000003,-74.16000000000003,40.48
40.489999999999995,-74.13000000000002,40.5,6,-74.12000000000003,-74.14000000000003,40.48
40.489999999999995,-74.11000000000003,40.5,7,-74.10000000000004,-74.12000000000003,40.48
40.489999999999995,-74.09000000000003,40.5,8,-74.08000000000004,-74.10000000000004,40.48
40.489999999999995,-74.07000000000004,40.5,9,-74.06000000000004,-74.08000000000004,40.48
40.489999999999995,-74.05000000000004,40.5,10,-74.04000000000005,-74.06000000000004,40.48
40.489999999999995,-74.03000000000004,40.5,11,-74.02000000000005,-74.04000000000005,40.48
40.489999999999995,-74.01000000000005,40.5,12,-74.00000000000006,-74.02000000000005,40.48
40.489999999999995,-73.99000000000005,40.5,13,-73.98000000000006,-74.00000000000006,40.48
40.489999999999995,-73.97000000000006,40.5,14,-73.96000000000006,-73.98000000000006,40.48
40.489999999999995,-73.95000000000006,40.5,15,-73.94000000000007,-73.96000000000006,40.48
40.489999999999995,-73.93000000000006,40.5,16,-73.92000000000007,-73.94000000000007,40.48
40.489999999999995,-73.91000000000007,40.5,17,-73.90000000000008,-73.92000000000007,40.48
40.489999999999995,-73.89000000000007,40.5,18,-73.88000000000008,-73.90000000000008,40.48
40.489999999999995,-73.87000000000008,40.5,19,-73.86000000000008,-73.88000000000008,40.48
40.489999999999995,-73.85000000000008,40.5,20,-73.84000000000009,-73.86000000000008,40.48
40.489999999999995,-73.83000000000008,40.5,21,-73.82000000000009,-73.84000000000009,40.48
40.489999999999995,-73.81000000000009,40.5,22,-73.8000000000001,-73.82000000000009,40.48
40.489999999999995,-73.79000000000009,40.5,23,-73.7800000000001,-73.8000000000001,40.48
40.489999999999995,-73.7700000000001,40.5,24,-73.7600000000001,-73.7800000000001,40.48
40.51,-74.25,40.52,25,-74.24000000000001,-74.26,40.5
40.51,-74.23,40.52,26,-74.22000000000001,-74.24000000000001,40.5
40.51,-74.21000000000001,40.52,27,-74.20000000000002,-74.22000000000001,40.5
40.51,-74.19000000000001,40.52,28,-74.18000000000002,-74.20000000000002,40.5
40.51,-74.17000000000002,40.52,29,-74.16000000000003,-74.18000000000002,40.5
40.51,-74.15000000000002,40.52,30,-74.14000000000003,-74.16000000000003,40.5
40.51,-74.13000000000002,40.52,31,-74.12000000000003,-74.14000000000003,40.5
40.51,-74.11000000000003,40.52,32,-74.10000000000004,-74.12000000000003,40.5
40.51,-74.09000000000003,40.52,33,-74.08000000000004,-74.10000000000004,40.5
40.51,-74.07000000000004,40.52,34,-74.06000000000004,-74.08000000000004,40.5
40.51,-74.05000000000004,40.52,35,-74.04000000000005,-74.06000000000004,40.5
40.51,-74.03000000000004,40.52,36,-74.02000000000005,-74.04000000000005,40.5
40.51,-74.01000000000005,40.52,37,-74.00000000000006,-74.02000000000005,40.5
40.51,-73.99000000000005,40.52,38,-73.98000000000006,-74.00000000000006,40.5
40.51,-73.97000000000006,40.52,39,-73.96000000000006,-73.98000000000006,40.5
40.51,-73.95000000000006,40.52,40,-73.94000000000007,-73.96000000000006,40.5
40.51,-73.93000000000006,40.52,41,-73.92000000000007,-73.94000000000007,40.5
40.51,-73.91000000000007,40.52,42,-73.90000000000008,-73.92000000000007,40.5
40.51,-73.89000000000007,40.52,43,-73.88000000000008,-73.90000000000008,40.5
40.51,-73.87000000000008,40.52,44,-73.86000000000008,-73.88000000000008,40.5
40.51,-73.85000000000008,40.52,45,-73.84000000000009,-73.86000000000008,40.5
40.51,-73.83000000000008,40.52,46,-73.82000000000009,-73.84000000000009,40.5
40.51,-73.81000000000009,40.52,47,-73.8000000000001,-73.82000000000009,40.5
40.51,-73.79000000000009,40.52,48,-73.7800000000001,-73.8000000000001,40.5
40.51,-73.7700000000001,40.52,49,-73.7600000000001,-73.7800000000001,40.5
40.53,-74.25,40.540000000000006,50,-74.24000000000001,-74.26,40.52
40.53,-74.23,40.540000000000006,51,-74.22000000000001,-74.24000000000001,40.52
40.53,-74.21000000000001,40.540000000000006,52,-74.20000000000002,-74.22000000000001,40.52
40.53,-74.19000000000001,40.540000000000006,53,-74.18000000000002,-74.20000000000002,40.52
40.53,-74.17000000000002,40.540000000000006,54,-74.16000000000003,-74.18000000000002,40.52
40.53,-74.15000000000002,40.540000000000006,55,-74.14000000000003,-74.16000000000003,40.52
40.53,-74.13000000000002,40.540000000000006,56,-74.12000000000003,-74.14000000000003,40.52
40.53,-74.11000000000003,40.540000000000006,57,-74.10000000000004,-74.12000000000003,40.52
40.53,-74.09000000000003,40.540000000000006,58,-74.08000000000004,-74.10000000000004,40.52
40.53,-74.07000000000004,40.540000000000006,59,-74.06000000000004,-74.08000000000004,40.52
40.53,-74.05000000000004,40.540000000000006,60,-74.04000000000005,-74.06000000000004,40.52
40.53,-74.03000000000004,40.540000000000006,61,-74.02000000000005,-74.04000000000005,40.52
40.53,-74.01000000000005,40.540000000000006,62,-74.00000000000006,-74.02000000000005,40.52
40.53,-73.99000000000005,40.540000000000006,63,-73.98000000000006,-74.00000000000006,40.52
40.53,-73.97000000000006,40.540000000000006,64,-73.96000000000006,-73.98000000000006,40.52
40.53,-73.95000000000006,40.540000000000006,65,-73.94000000000007,-73.96000000000006,40.52
40.53,-73.93000000000006,40.540000000000006,66,-73.92000000000007,-73.94000000000007,40.52
40.53,-73.91000000000007,40.540000000000006,67,-73.90000000000008,-73.92000000000007,40.52
40.53,-73.89000000000007,40.540000000000006,68,-73.88000000000008,-73.90000000000008,40.52
40.53,-73.87000000000008,40.540000000000006,69,-73.86000000000008,-73.88000000000008,40.52
40.53,-73.85000000000008,40.540000000000006,70,-73.84000000000009,-73.86000000000008,40.52
40.53,-73.83000000000008,40.540000000000006,71,-73.82000000000009,-73.84000000000009,40.52
40.53,-73.81000000000009,40.540000000000006,72,-73.8000000000001,-73.82000000000009,40.52
40.53,-73.79000000000009,40.540000000000006,73,-73.7800000000001,-73.8000000000001,40.52
40.53,-73.7700000000001,40.540000000000006,74,-73.7600000000001,-73.7800000000001,40.52
40.550000000000004,-74.25,40.56000000000001,75,-74.24000000000001,-74.26,40.540000000000006
40.550000000000004,-74.23,40.56000000000001,76,-74.22000000000001,-74.24000000000001,40.540000000000006
40.550000000000004,-74.21000000000001,40.56000000000001,77,-74.20000000000002,-74.22000000000001,40.540000000000006
40.550000000000004,-74.19000000000001,40.56000000000001,78,-74.18000000000002,-74.20000000000002,40.540000000000006
40.550000000000004,-74.17000000000002,40.56000000000001,79,-74.16000000000003,-74.18000000000002,40.540000000000006
40.550000000000004,-74.15000000000002,40.56000000000001,80,-74.14000000000003,-74.16000000000003,40.540000000000006
40.550000000000004,-74.13000000000002,40.56000000000001,81,-74.12000000000003,-74.14000000000003,40.540000000000006
40.550000000000004,-74.11000000000003,40.56000000000001,82,-74.10000000000004,-74.12000000000003,40.540000000000006
40.550000000000004,-74.09000000000003,40.56000000000001,83,-74.08000000000004,-74.10000000000004,40.540000000000006
40.550000000000004,-74.07000000000004,40.56000000000001,84,-74.06000000000004,-74.08000000000004,40.540000000000006
40.550000000000004,-74.05000000000004,40.56000000000001,85,-74.04000000000005,-74.06000000000004,40.540000000000006
40.550000000000004,-74.03000000000004,40.56000000000001,86,-74.02000000000005,-74.04000000000005,40.540000000000006
40.550000000000004,-74.01000000000005,40.56000000000001,87,-74.00000000000006,-74.02000000000005,40.540000000000006
40.550000000000004,-73.99000000000005,40.56000000000001,88,-73.98000000000006,-74.00000000000006,40.540000000000006
40.550000000000004,-73.97000000000006,40.56000000000001,89,-73.96000000000006,-73.98000000000006,40.540000000000006
40.550000000000004,-73.95000000000006,40.56000000000001,90,-73.94000000000007,-73.96000000000006,40.540000000000006
40.550000000000004,-73.93000000000006,40.56000000000001,91,-73.92000000000007,-73.94000000000007,40.540000000000006
40.550000000000004,-73.91000000000007,40.56000000000001,92,-73.90000000000008,-73.92000000000007,40.540000000000006
40.550000000000004,-73.89000000000007,40.56000000000001,93,-73.88000000000008,-73.90000000000008,40.540000000000006
40.550000000000004,-73.87000000000008,40.56000000000001,94,-73.86000000000008,-73.88000000000008,40.540000000000006
40.550000000000004,-73.85000000000008,40.56000000000001,95,-73.84000000000009,-73.86000000000008,40.540000000000006
40.550000000000004,-73.83000000000008,40.56000000000001,96,-73.82000000000009,-73.84000000000009,40.540000000000006
40.550000000000004,-73.81000000000009,40.56000000000001,97,-73.8000000000001,-73.82000000000009,40.540000000000006
40.550000000000004,-73.79000000000009,40.56000000000001,98,-73.7800000000001,-73.8000000000001,40.540000000000006
40.550000000000004,-73.7700000000001,40.56000000000001,99,-73.7600000000001,-73.7800000000001,40.540000000000006
40.57000000000001,-74.25,40.58000000000001,100,-74.24000000000001,-74.26,40.56000000000001
40.57000000000001,-74.23,40.58000000000001,101,-74.22000000000001,-74.24000000000001,40.56000000000001
40.57000000000001,-74.21000000000001,40.58000000000001,102,-74.20000000000002,-74.22000000000001,40.56000000000001
40.57000000000001,-74.19000000000001,40.58000000000001,103,-74.18000000000002,-74.20000000000002,40.56000000000001
40.57000000000001,-74.17000000000002,40.58000000000001,104,-74.16000000000003,-74.18000000000002,40.56000000000001
40.57000000000001,-74.15000000000002,40.58000000000001,105,-74.14000000000003,-74.16000000000003,40.56000000000001
40.57000000000001,-74.13000000000002,40.58000000000001,106,-74.12000000000003,-74.14000000000003,40.56000000000001
40.57000000000001,-74.11000000000003,40.58000000000001,107,-74.10000000000004,-74.12000000000003,40.56000000000001
40.57000000000001,-74.09000000000003,40.58000000000001,108,-74.08000000000004,-74.10000000000004,40.56000000000001
40.57000000000001,-74.07000000000004,40.58000000000001,109,-74.06000000000004,-74.08000000000004,40.56000000000001
40.57000000000001,-74.05000000000004,40.58000000000001,110,-74.04000000000005,-74.06000000000004,40.56000000000001
40.57000000000001,-74.03000000000004,40.58000000000001,111,-74.02000000000005,-74.04000000000005,40.56000000000001
40.57000000000001,-74.01000000000005,40.58000000000001,112,-74.00000000000006,-74.02000000000005,40.56000000000001
40.57000000000001,-73.99000000000005,40.58000000000001,113,-73.98000000000006,-74.00000000000006,40.56000000000001
40.57000000000001,-73.97000000000006,40.58000000000001,114,-73.96000000000006,-73.98000000000006,40.56000000000001
40.57000000000001,-73.95000000000006,40.58000000000001,115,-73.94000000000007,-73.96000000000006,40.56000000000001
40.57000000000001,-73.93000000000006,40.58000000000001,116,-73.92000000000007,-73.94000000000007,40.56000000000001
40.57000000000001,-73.91000000000007,40.58000000000001,117,-73.90000000000008,-73.92000000000007,40.56000000000001
40.57000000000001,-73.89000000000007,40.58000000000001,118,-73.88000000000008,-73.90000000000008,40.56000000000001
40.57000000000001,-73.87000000000008,40.58000000000001,119,-73.86000000000008,-73.88000000000008,40.56000000000001
40.57000000000001,-73.85000000000008,40.58000000000001,120,-73.84000000000009,-73.86000000000008,40.56000000000001
40.57000000000001,-73.83000000000008,40.58000000000001,121,-73.82000000000009,-73.84000000000009,40.56000000000001
40.57000000000001,-73.81000000000009,40.58000000000001,122,-73.8000000000001,-73.82000000000009,40.56000000000001
40.57000000000001,-73.79000000000009,40.58000000000001,123,-73.7800000000001,-73.8000000000001,40.56000000000001
40.57000000000001,-73.7700000000001,40.58000000000001,124,-73.7600000000001,-73.7800000000001,40.56000000000001
40.59000000000001,-74.25,40.600000000000016,125,-74.24000000000001,-74.26,40.58000000000001
40.59000000000001,-74.23,40.600000000000016,126,-74.22000000000001,-74.24000000000001,40.58000000000001
40.59000000000001,-74.21000000000001,40.600000000000016,127,-74.20000000000002,-74.22000000000001,40.58000000000001
40.59000000000001,-74.19000000000001,40.600000000000016,128,-74.18000000000002,-74.20000000000002,40.58000000000001
40.59000000000001,-74.17000000000002,40.600000000000016,129,-74.16000000000003,-74.18000000000002,40.58000000000001
40.59000000000001,-74.15000000000002,40.600000000000016,130,-74.14000000000003,-74.16000000000003,40.58000000000001
40.59000000000001,-74.13000000000002,40.600000000000016,131,-74.12000000000003,-74.14000000000003,40.58000000000001
40.59000000000001,-74.11000000000003,40.600000000000016,132,-74.10000000000004,-74.12000000000003,40.58000000000001
40.59000000000001,-74.09000000000003,40.600000000000016,133,-74.08000000000004,-74.10000000000004,40.58000000000001
40.59000000000001,-74.07000000000004,40.600000000000016,134,-74.06000000000004,-74.08000000000004,40.58000000000001
40.59000000000001,-74.05000000000004,40.600000000000016,135,-74.04000000000005,-74.06000000000004,40.58000000000001
40.59000000000001,-74.03000000000004,40.600000000000016,136,-74.02000000000005,-74.04000000000005,40.58000000000001
40.59000000000001,-74.01000000000005,40.600000000000016,137,-74.00000000000006,-74.02000000000005,40.58000000000001
40.59000000000001,-73.99000000000005,40.600000000000016,138,-73.98000000000006,-74.00000000000006,40.58000000000001
40.59000000000001,-73.97000000000006,40.600000000000016,139,-73.96000000000006,-73.98000000000006,40.58000000000001
40.59000000000001,-73.95000000000006,40.600000000000016,140,-73.94000000000007,-73.96000000000006,40.58000000000001
40.59000000000001,-73.93000000000006,40.600000000000016,141,-73.92000000000007,-73.94000000000007,40.58000000000001
40.59000000000001,-73.91000000000007,40.600000000000016,142,-73.90000000000008,-73.92000000000007,40.58000000000001
40.59000000000001,-73.89000000000007,40.600000000000016,143,-73.88000000000008,-73.90000000000008,40.58000000000001
40.59000000000001,-73.87000000000008,40.600000000000016,144,-73.86000000000008,-73.88000000000008,40.58000000000001
40.59000000000001,-73.85000000000008,40.600000000000016,145,-73.84000000000009,-73.86000000000008,40.58000000000001
40.59000000000001,-73.83000000000008,40.600000000000016,146,-73.82000000000009,-73.84000000000009,40.58000000000001
40.59000000000001,-73.81000000000009,40.600000000000016,147,-73.8000000000001,-73.82000000000009,40.58000000000001
40.59000000000001,-73.79000000000009,40.600000000000016,148,-73.7800000000001,-73.8000000000001,40.58000000000001
40.59000000000001,-73.7700000000001,40.600000000000016,149,-73.7600000000001,-73.7800000000001,40.58000000000001
40.610000000000014,-74.25,40.62000000000002,150,-74.24000000000001,-74.26,40.600000000000016
40.610000000000014,-74.23,40.62000000000002,151,-74.22000000000001,-74.24000000000001,40.600000000000016
40.610000000000014,-74.21000000000001,40.62000000000002,152,-74.20000000000002,-74.22000000000001,40.600000000000016
40.610000000000014,-74.19000000000001,40.62000000000002,153,-74.18000000000002,-74.20000000000002,40.600000000000016
40.610000000000014,-74.17000000000002,40.62000000000002,154,-74.16000000000003,-74.18000000000002,40.600000000000016
40.610000000000014,-74.15000000000002,40.62000000000002,155,-74.14000000000003,-74.16000000000003,40.600000000000016
40.610000000000014,-74.13000000000002,40.62000000000002,156,-74.12000000000003,-74.14000000000003,40.600000000000016
40.610000000000014,-74.11000000000003,40.62000000000002,157,-74.10000000000004,-74.12000000000003,40.600000000000016
40.610000000000014,-74.09000000000003,40.62000000000002,158,-74.08000000000004,-74.10000000000004,40.600000000000016
40.610000000000014,-74.07000000000004,40.62000000000002,159,-74.06000000000004,-74.08000000000004,40.600000000000016
40.610000000000014,-74.05000000000004,40.62000000000002,160,-74.04000000000005,-74.06000000000004,40.600000000000016
40.610000000000014,-74.03000000000004,40.62000000000002,161,-74.02000000000005,-74.04000000000005,40.600000000000016
40.610000000000014,-74.01000000000005,40.62000000000002,162,-74.00000000000006,-74.02000000000005,40.600000000000016
40.610000000000014,-73.99000000000005,40.62000000000002,163,-73.98000000000006,-74.00000000000006,40.600000000000016
40.610000000000014,-73.97000000000006,40.62000000000002,164,-73.96000000000006,-73.98000000000006,40.600000000000016
40.610000000000014,-73.95000000000006,40.62000000000002,165,-73.94000000000007,-73.96000000000006,40.600000000000016
40.610000000000014,-73.93000000000006,40.62000000000002,166,-73.92000000000007,-73.94000000000007,40.600000000000016
40.610000000000014,-73.91000000000007,40.62000000000002,167,-73.90000000000008,-73.92000000000007,40.600000000000016
40.610000000000014,-73.89000000000007,40.62000000000002,168,-73.88000000000008,-73.90000000000008,40.600000000000016
40.610000000000014,-73.87000000000008,40.62000000000002,169,-73.86000000000008,-73.88000000000008,40.600000000000016
40.610000000000014,-73.85000000000008,40.62000000000002,170,-73.84000000000009,-73.86000000000008,40.600000000000016
40.610000000000014,-73.83000000000008,40.62000000000002,171,-73.82000000000009,-73.84000000000009,40.600000000000016
40.610000000000014,-73.81000000000009,40.62000000000002,172,-73.8000000000001,-73.82000000000009,40.600000000000016
40.610000000000014,-73.79000000000009,40.62000000000002,173,-73.7800000000001,-73.8000000000001,40.600000000000016
40.610000000000014,-73.7700000000001,40.62000000000002,174,-73.7600000000001,-73.7800000000001,40.600000000000016
40.63000000000002,-74.25,40.64000000000002,175,-74.24000000000001,-74.26,40.62000000000002
40.63000000000002,-74.23,40.64000000000002,176,-74.22000000000001,-74.24000000000001,40.62000000000002
40.63000000000002,-74.21000000000001,40.64000000000002,177,-74.20000000000002,-74.22000000000001,40.62000000000002
40.63000000000002,-74.19000000000001,40.64000000000002,178,-74.18000000000002,-74.20000000000002,40.62000000000002
40.63000000000002,-74.17000000000002,40.64000000000002,179,-74.16000000000003,-74.18000000000002,40.62000000000002
40.63000000000002,-74.15000000000002,40.64000000000002,180,-74.14000000000003,-74.16000000000003,40.62000000000002
40.63000000000002,-74.13000000000002,40.64000000000002,181,-74.12000000000003,-74.14000000000003,40.62000000000002
40.63000000000002,-74.11000000000003,40.64000000000002,182,-74.10000000000004,-74.12000000000003,40.62000000000002
40.63000000000002,-74.09000000000003,40.64000000000002,183,-74.08000000000004,-74.10000000000004,40.62000000000002
40.63000000000002,-74.07000000000004,40.64000000000002,184,-74.06000000000004,-74.08000000000004,40.62000000000002
40.63000000000002,-74.05000000000004,40.64000000000002,185,-74.04000000000005,-74.06000000000004,40.62000000000002
40.63000000000002,-74.03000000000004,40.64000000000002,186,-74.02000000000005,-74.04000000000005,40.62000000000002
40.63000000000002,-74.01000000000005,40.64000000000002,187,-74.00000000000006,-74.02000000000005,40.62000000000002
40.63000000000002,-73.99000000000005,40.64000000000002,188,-73.98000000000006,-74.00000000000006,40.62000000000002
40.63000000000002,-73.97000000000006,40.64000000000002,189,-73.96000000000006,-73.98000000000006,40.62000000000002
40.63000000000002,-73.95000000000006,40.64000000000002,190,-73.94000000000007,-73.96000000000006,40.62000000000002
40.63000000000002,-73.93000000000006,40.64000000000002,191,-73.92000000000007,-73.94000000000007,40.62000000000002
40.63000000000002,-73.91000000000007,40.64000000000002,192,-73.90000000000008,-73.92000000000007,40.62000000000002
40.63000000000002,-73.89000000000007,40.64000000000002,193,-73.88000000000008,-73.90000000000008,40.62000000000002
40.63000000000002,-73.87000000000008,40.64000000000002,194,-73.86000000000008,-73.88000000000008,40.62000000000002
40.63000000000002,-73.85000000000008,40.64000000000002,195,-73.84000000000009,-73.86000000000008,40.62000000000002
40.63000000000002,-73.83000000000008,40.64000000000002,196,-73.82000000000009,-73.84000000000009,40.62000000000002
40.63000000000002,-73.81000000000009,40.64000000000002,197,-73.8000000000001,-73.82000000000009,40.62000000000002
40.63000000000002,-73.79000000000009,40.64000000000002,198,-73.7800000000001,-73.8000000000001,40.62000000000002
40.63000000000002,-73.7700000000001,40.64000000000002,199,-73.7600000000001,-73.7800000000001,40.62000000000002
40.65000000000002,-74.25,40.660000000000025,200,-74.24000000000001,-74.26,40.64000000000002
40.65000000000002,-74.23,40.660000000000025,201,-74.22000000000001,-74.24000000000001,40.64000000000002
40.65000000000002,-74.21000000000001,40.660000000000025,202,-74.20000000000002,-74.22000000000001,40.64000000000002
40.65000000000002,-74.19000000000001,40.660000000000025,203,-74.18000000000002,-74.20000000000002,40.64000000000002
40.65000000000002,-74.17000000000002,40.660000000000025,204,-74.16000000000003,-74.18000000000002,40.64000000000002
40.65000000000002,-74.15000000000002,40.660000000000025,205,-74.14000000000003,-74.16000000000003,40.64000000000002
40.65000000000002,-74.13000000000002,40.660000000000025,206,-74.12000000000003,-74.14000000000003,40.64000000000002
40.65000000000002,-74.11000000000003,40.660000000000025,207,-74.10000000000004,-74.12000000000003,40.64000000000002
40.65000000000002,-74.09000000000003,40.660000000000025,208,-74.08000000000004,-74.10000000000004,40.64000000000002
40.65000000000002,-74.07000000000004,40.660000000000025,209,-74.06000000000004,-74.08000000000004,40.64000000000002
40.65000000000002,-74.05000000000004,40.660000000000025,210,-74.04000000000005,-74.06000000000004,40.64000000000002
40.65000000000002,-74.03000000000004,40.660000000000025,211,-74.02000000000005,-74.04000000000005,40.64000000000002
40.65000000000002,-74.01000000000005,40.660000000000025,212,-74.00000000000006,-74.02000000000005,40.64000000000002
40.65000000000002,-73.99000000000005,40.660000000000025,213,-73.98000000000006,-74.00000000000006,40.64000000000002
40.65000000000002,-73.97000000000006,40.660000000000025,214,-73.96000000000006,-73.98000000000006,40.64000000000002
40.65000000000002,-73.95000000000006,40.660000000000025,215,-73.94000000000007,-73.96000000000006,40.64000000000002
40.65000000000002,-73.93000000000006,40.660000000000025,216,-73.92000000000007,-73.94000000000007,40.64000000000002
40.65000000000002,-73.91000000000007,40.660000000000025,217,-73.90000000000008,-73.92000000000007,40.64000000000002
40.65000000000002,-73.89000000000007,40.660000000000025,218,-73.88000000000008,-73.90000000000008,40.64000000000002
40.65000000000002,-73.87000000000008,40.660000000000025,219,-73.86000000000008,-73.88000000000008,40.64000000000002
40.65000000000002,-73.85000000000008,40.660000000000025,220,-73.84000000000009,-73.86000000000008,40.64000000000002
40.65000000000002,-73.83000000000008,40.660000000000025,221,-73.82000000000009,-73.84000000000009,40.64000000000002
40.65000000000002,-73.81000000000009,40.660000000000025,222,-73.8000000000001,-73.82000000000009,40.64000000000002
40.65000000000002,-73.79000000000009,40.660000000000025,223,-73.7800000000001,-73.8000000000001,40.64000000000002
40.65000000000002,-73.7700000000001,40.660000000000025,224,-73.7600000000001,-73.7800000000001,40.64000000000002
40.67000000000002,-74.25,40.68000000000003,225,-74.24000000000001,-74.26,40.660000000000025
40.67000000000002,-74.23,40.68000000000003,226,-74.22000000000001,-74.24000000000001,40.660000000000025
40.67000000000002,-74.21000000000001,40.68000000000003,227,-74.20000000000002,-74.22000000000001,40.660000000000025
40.67000000000002,-74.19000000000001,40.68000000000003,228,-74.18000000000002,-74.20000000000002,40.660000000000025
40.67000000000002,-74.17000000000002,40.68000000000003,229,-74.16000000000003,-74.18000000000002,40.660000000000025
40.67000000000002,-74.15000000000002,40.68000000000003,230,-74.14000000000003,-74.16000000000003,40.660000000000025
40.67000000000002,-74.13000000000002,40.68000000000003,231,-74.12000000000003,-74.14000000000003,40.660000000000025
40.67000000000002,-74.11000000000003,40.68000000000003,232,-74.10000000000004,-74.12000000000003,40.660000000000025
40.67000000000002,-74.09000000000003,40.68000000000003,233,-74.08000000000004,-74.10000000000004,40.660000000000025
40.67000000000002,-74.07000000000004,40.68000000000003,234,-74.06000000000004,-74.08000000000004,40.660000000000025
40.67000000000002,-74.05000000000004,40.68000000000003,235,-74.04000000000005,-74.06000000000004,40.660000000000025
40.67000000000002,-74.03000000000004,40.68000000000003,236,-74.02000000000005,-74.04000000000005,40.660000000000025
40.67000000000002,-74.01000000000005,40.68000000000003,237,-74.00000000000006,-74.02000000000005,40.660000000000025
40.67000000000002,-73.99000000000005,40.68000000000003,238,-73.98000000000006,-74.00000000000006,40.660000000000025
40.67000000000002,-73.97000000000006,40.68000000000003,239,-73.96000000000006,-73.98000000000006,40.660000000000025
40.67000000000002,-73.95000000000006,40.68000000000003,240,-73.94000000000007,-73.96000000000006,40.660000000000025
40.67000000000002,-73.93000000000006,40.68000000000003,241,-73.92000000000007,-73.94000000000007,40.660000000000025
40.67000000000002,-73.91000000000007,40.68000000000003,242,-73.90000000000008,-73.92000000000007,40.660000000000025
40.67000000000002,-73.89000000000007,40.68000000000003,243,-73.88000000000008,-73.90000000000008,40.660000000000025
40.67000000000002,-73.87000000000008,40.68000000000003,244,-73.86000000000008,-73.88000000000008,40.660000000000025
40.67000000000002,-73.85000000000008,40.68000000000003,245,-73.84000000000009,-73.86000000000008,40.660000000000025
40.67000000000002,-73.83000000000008,40.68000000000003,246,-73.82000000000009,-73.84000000000009,40.660000000000025
40.67000000000002,-73.81000000000009,40.68000000000003,247,-73.8000000000001,-73.82000000000009,40.660000000000025
40.67000000000002,-73.79000000000009,40.68000000000003,248,-73.7800000000001,-73.8000000000001,40.660000000000025
40.67000000000002,-73.7700000000001,40.68000000000003,249,-73.7600000000001,-73.7800000000001,40.660000000000025
40.690000000000026,-74.25,40.70000000000003,250,-74.24000000000001,-74.26,40.68000000000003
40.690000000000026,-74.23,40.70000000000003,251,-74.22000000000001,-74.24000000000001,40.68000000000003
40.690000000000026,-74.21000000000001,40.70000000000003,252,-74.20000000000002,-74.22000000000001,40.68000000000003
40.690000000000026,-74.19000000000001,40.70000000000003,253,-74.18000000000002,-74.20000000000002,40.68000000000003
40.690000000000026,-74.17000000000002,40.70000000000003,254,-74.16000000000003,-74.18000000000002,40.68000000000003
40.690000000000026,-74.15000000000002,40.70000000000003,255,-74.14000000000003,-74.16000000000003,40.68000000000003
40.690000000000026,-74.13000000000002,40.70000000000003,256,-74.12000000000003,-74.14000000000003,40.68000000000003
40.690000000000026,-74.11000000000003,40.70000000000003,257,-74.10000000000004,-74.12000000000003,40.68000000000003
40.690000000000026,-74.09000000000003,40.70000000000003,258,-74.08000000000004,-74.10000000000004,40.68000000000003
40.690000000000026,-74.07000000000004,40.70000000000003,259,-74.06000000000004,-74.08000000000004,40.68000000000003
40.690000000000026,-74.05000000000004,40.70000000000003,260,-74.04000000000005,-74.06000000000004,40.68000000000003
40.690000000000026,-74.03000000000004,40.70000000000003,261,-74.02000000000005,-74.04000000000005,40.68000000000003
40.690000000000026,-74.01000000000005,40.70000000000003,262,-74.00000000000006,-74.02000000000005,40.68000000000003
40.690000000000026,-73.99000000000005,40.70000000000003,263,-73.98000000000006,-74.00000000000006,40.68000000000003
40.690000000000026,-73.97000000000006,40.70000000000003,264,-73.96000000000006,-73.98000000000006,40.68000000000003
40.690000000000026,-73.95000000000006,40.70000000000003,265,-73.94000000000007,-73.96000000000006,40.68000000000003
40.690000000000026,-73.93000000000006,40.70000000000003,266,-73.92000000000007,-73.94000000000007,40.68000000000003
40.690000000000026,-73.91000000000007,40.70000000000003,267,-73.90000000000008,-73.92000000000007,40.68000000000003
40.690000000000026,-73.89000000000007,40.70000000000003,268,-73.88000000000008,-73.90000000000008,40.68000000000003
40.690000000000026,-73.87000000000008,40.70000000000003,269,-73.86000000000008,-73.88000000000008,40.68000000000003
40.690000000000026,-73.85000000000008,40.70000000000003,270,-73.84000000000009,-73.86000000000008,40.68000000000003
40.690000000000026,-73.83000000000008,40.70000000000003,271,-73.82000000000009,-73.84000000000009,40.68000000000003
40.690000000000026,-73.81000000000009,40.70000000000003,272,-73.8000000000001,-73.82000000000009,40.68000000000003
40.690000000000026,-73.79000000000009,40.70000000000003,273,-73.7800000000001,-73.8000000000001,40.68000000000003
40.690000000000026,-73.7700000000001,40.70000000000003,274,-73.7600000000001,-73.7800000000001,40.68000000000003
40.71000000000003,-74.25,40.720000000000034,275,-74.24000000000001,-74.26,40.70000000000003
40.71000000000003,-74.23,40.720000000000034,276,-74.22000000000001,-74.24000000000001,40.70000000000003
40.71000000000003,-74.21000000000001,40.720000000000034,277,-74.20000000000002,-74.22000000000001,40.70000000000003
40.71000000000003,-74.19000000000001,40.720000000000034,278,-74.18000000000002,-74.20000000000002,40.70000000000003
40.71000000000003,-74.17000000000002,40.720000000000034,279,-74.16000000000003,-74.18000000000002,40.70000000000003
40.71000000000003,-74.15000000000002,40.720000000000034,280,-74.14000000000003,-74.16000000000003,40.70000000000003
40.71000000000003,-74.13000000000002,40.720000000000034,281,-74.12000000000003,-74.14000000000003,40.70000000000003
40.71000000000003,-74.11000000000003,40.720000000000034,282,-74.10000000000004,-74.12000000000003,40.70000000000003
40.71000000000003,-74.09000000000003,40.720000000000034,283,-74.08000000000004,-74.10000000000004,40.70000000000003
40.71000000000003,-74.07000000000004,40.720000000000034,284,-74.06000000000004,-74.08000000000004,40.70000000000003
40.71000000000003,-74.05000000000004,40.720000000000034,285,-74.04000000000005,-74.06000000000004,40.70000000000003
40.71000000000003,-74.03000000000004,40.720000000000034,286,-74.02000000000005,-74.04000000000005,40.70000000000003
40.71000000000003,-74.01000000000005,40.720000000000034,287,-74.00000000000006,-74.02000000000005,40.70000000000003
40.71000000000003,-73.99000000000005,40.720000000000034,288,-73.98000000000006,-74.00000000000006,40.70000000000003
40.71000000000003,-73.97000000000006,40.720000000000034,289,-73.96000000000006,-73.98000000000006,40.70000000000003
40.71000000000003,-73.95000000000006,40.720000000000034,290,-73.94000000000007,-73.96000000000006,40.70000000000003
40.71000000000003,-73.93000000000006,40.720000000000034,291,-73.92000000000007,-73.94000000000007,40.70000000000003
40.71000000000003,-73.91000000000007,40.720000000000034,292,-73.90000000000008,-73.92000000000007,40.70000000000003
40.71000000000003,-73.89000000000007,40.720000000000034,293,-73.88000000000008,-73.90000000000008,40.70000000000003
40.71000000000003,-73.87000000000008,40.720000000000034,294,-73.86000000000008,-73.88000000000008,40.70000000000003
40.71000000000003,-73.85000000000008,40.720000000000034,295,-73.84000000000009,-73.86000000000008,40.70000000000003
40.71000000000003,-73.83000000000008,40.720000000000034,296,-73.82000000000009,-73.84000000000009,40.70000000000003
40.71000000000003,-73.81000000000009,40.720000000000034,297,-73.8000000000001,-73.82000000000009,40.70000000000003
40.71000000000003,-73.79000000000009,40.720000000000034,298,-73.7800000000001,-73.8000000000001,40.70000000000003
40.71000000000003,-73.7700000000001,40.720000000000034,299,-73.7600000000001,-73.7800000000001,40.70000000000003
40.73000000000003,-74.25,40.74000000000004,300,-74.24000000000001,-74.26,40.720000000000034
40.73000000000003,-74.23,40.74000000000004,301,-74.22000000000001,-74.24000000000001,40.720000000000034
40.73000000000003,-74.21000000000001,40.74000000000004,302,-74.20000000000002,-74.22000000000001,40.720000000000034
40.73000000000003,-74.19000000000001,40.74000000000004,303,-74.18000000000002,-74.20000000000002,40.720000000000034
40.73000000000003,-74.17000000000002,40.74000000000004,304,-74.16000000000003,-74.18000000000002,40.720000000000034
40.73000000000003,-74.15000000000002,40.74000000000004,305,-74.14000000000003,-74.16000000000003,40.720000000000034
40.73000000000003,-74.13000000000002,40.74000000000004,306,-74.12000000000003,-74.14000000000003,40.720000000000034
40.73000000000003,-74.11000000000003,40.74000000000004,307,-74.10000000000004,-74.12000000000003,40.720000000000034
40.73000000000003,-74.09000000000003,40.74000000000004,308,-74.08000000000004,-74.10000000000004,40.720000000000034
40.73000000000003,-74.07000000000004,40.74000000000004,309,-74.06000000000004,-74.08000000000004,40.720000000000034
40.73000000000003,-74.05000000000004,40.74000000000004,310,-74.04000000000005,-74.06000000000004,40.720000000000034
40.73000000000003,-74.03000000000004,40.74000000000004,311,-74.02000000000005,-74.04000000000005,40.720000000000034
40.73000000000003,-74.01000000000005,40.74000000000004,312,-74.00000000000006,-74.02000000000005,40.720000000000034
40.73000000000003,-73.99000000000005,40.74000000000004,313,-73.98000000000006,-74.00000000000006,40.720000000000034
40.73000000000003,-73.97000000000006,40.74000000000004,314,-73.96000000000006,-73.98000000000006,40.720000000000034
40.73000000000003,-73.95000000000006,40.74000000000004,315,-73.94000000000007,-73.96000000000006,40.720000000000034
40.73000000000003,-73.93000000000006,40.74000000000004,316,-73.92000000000007,-73.94000000000007,40.720000000000034
40.73000000000003,-73.91000000000007,40.74000000000004,317,-73.90000000000008,-73.92000000000007,40.720000000000034
40.73000000000003,-73.89000000000007,40.74000000000004,318,-73.88000000000008,-73.90000000000008,40.720000000000034
40.73000000000003,-73.87000000000008,40.74000000000004,319,-73.86000000000008,-73.88000000000008,40.720000000000034
40.73000000000003,-73.85000000000008,40.74000000000004,320,-73.84000000000009,-73.86000000000008,40.720000000000034
40.73000000000003,-73.83000000000008,40.74000000000004,321,-73.82000000000009,-73.84000000000009,40.720000000000034
40.73000000000003,-73.81000000000009,40.74000000000004,322,-73.8000000000001,-73.82000000000009,40.720000000000034
40.73000000000003,-73.79000000000009,40.74000000000004,323,-73.7800000000001,-73.8000000000001,40.720000000000034
40.73000000000003,-73.7700000000001,40.74000000000004,324,-73.7600000000001,-73.7800000000001,40.720000000000034
40.750000000000036,-74.25,40.76000000000004,325,-74.24000000000001,-74.26,40.74000000000004
40.750000000000036,-74.23,40.76000000000004,326,-74.22000000000001,-74.24000000000001,40.74000000000004
40.750000000000036,-74.21000000000001,40.76000000000004,327,-74.20000000000002,-74.22000000000001,40.74000000000004
40.750000000000036,-74.19000000000001,40.76000000000004,328,-74.18000000000002,-74.20000000000002,40.74000000000004
40.750000000000036,-74.17000000000002,40.76000000000004,329,-74.16000000000003,-74.18000000000002,40.74000000000004
40.750000000000036,-74.15000000000002,40.76000000000004,330,-74.14000000000003,-74.16000000000003,40.74000000000004
40.750000000000036,-74.13000000000002,40.76000000000004,331,-74.12000000000003,-74.14000000000003,40.74000000000004
40.750000000000036,-74.11000000000003,40.76000000000004,332,-74.10000000000004,-74.12000000000003,40.74000000000004
40.750000000000036,-74.09000000000003,40.76000000000004,333,-74.08000000000004,-74.10000000000004,40.74000000000004
40.750000000000036,-74.07000000000004,40.76000000000004,334,-74.06000000000004,-74.08000000000004,40.74000000000004
40.750000000000036,-74.05000000000004,40.76000000000004,335,-74.04000000000005,-74.06000000000004,40.74000000000004
40.750000000000036,-74.03000000000004,40.76000000000004,336,-74.02000000000005,-74.04000000000005,40.74000000000004
40.750000000000036,-74.01000000000005,40.76000000000004,337,-74.00000000000006,-74.02000000000005,40.74000000000004
40.750000000000036,-73.99000000000005,40.76000000000004,338,-73.98000000000006,-74.00000000000006,40.74000000000004
40.750000000000036,-73.97000000000006,40.76000000000004,339,-73.96000000000006,-73.98000000000006,40.74000000000004
40.750000000000036,-73.95000000000006,40.76000000000004,340,-73.94000000000007,-73.96000000000006,40.74000000000004
40.750000000000036,-73.93000000000006,40.76000000000004,341,-73.92000000000007,-73.94000000000007,40.74000000000004
40.750000000000036,-73.91000000000007,40.76000000000004,342,-73.90000000000008,-73.92000000000007,40.74000000000004
40.750000000000036,-73.89000000000007,40.76000000000004,343,-73.88000000000008,-73.90000000000008,40.74000000000004
40.750000000000036,-73.87000000000008,40.76000000000004,344,-73.86000000000008,-73.88000000000008,40.74000000000004
40.750000000000036,-73.85000000000008,40.76000000000004,345,-73.84000000000009,-73.86000000000008,40.74000000000004
40.750000000000036,-73.83000000000008,40.76000000000004,346,-73.82000000000009,-73.84000000000009,40.74000000000004
40.750000000000036,-73.81000000000009,40.76000000000004,347,-73.8000000000001,-73.82000000000009,40.74000000000004
40.750000000000036,-73.79000000000009,40.76000000000004,348,-73.7800000000001,-73.8000000000001,40.74000000000004
40.750000000000036,-73.7700000000001,40.76000000000004,349,-73.7600000000001,-73.7800000000001,40.74000000000004
40.77000000000004,-74.25,40.780000000000044,350,-74.24000000000001,-74.26,40.76000000000004
40.77000000000004,-74.23,40.780000000000044,351,-74.22000000000001,-74.24000000000001,40.76000000000004
40.77000000000004,-74.21000000000001,40.780000000000044,352,-74.20000000000002,-74.22000000000001,40.76000000000004
40.77000000000004,-74.19000000000001,40.780000000000044,353,-74.18000000000002,-74.20000000000002,40.76000000000004
40.77000000000004,-74.17000000000002,40.780000000000044,354,-74.16000000000003,-74.18000000000002,40.76000000000004
40.77000000000004,-74.15000000000002,40.780000000000044,355,-74.14000000000003,-74.16000000000003,40.76000000000004
40.77000000000004,-74.13000000000002,40.780000000000044,356,-74.12000000000003,-74.14000000000003,40.76000000000004
40.77000000000004,-74.11000000000003,40.780000000000044,357,-74.10000000000004,-74.12000000000003,40.76000000000004
40.77000000000004,-74.09000000000003,40.780000000000044,358,-74.08000000000004,-74.10000000000004,40.76000000000004
40.77000000000004,-74.07000000000004,40.780000000000044,359,-74.06000000000004,-74.08000000000004,40.76000000000004
40.77000000000004,-74.05000000000004,40.780000000000044,360,-74.04000000000005,-74.06000000000004,40.76000000000004
40.77000000000004,-74.03000000000004,40.780000000000044,361,-74.02000000000005,-74.04000000000005,40.76000000000004
40.77000000000004,-74.01000000000005,40.780000000000044,362,-74.00000000000006,-74.02000000000005,40.76000000000004
40.77000000000004,-73.99000000000005,40.780000000000044,363,-73.98000000000006,-74.00000000000006,40.76000000000004
40.77000000000004,-73.97000000000006,40.780000000000044,364,-73.96000000000006,-73.98000000000006,40.76000000000004
40.77000000000004,-73.95000000000006,40.780000000000044,365,-73.94000000000007,-73.96000000000006,40.76000000000004
40.77000000000004,-73.93000000000006,40.780000000000044,366,-73.92000000000007,-73.94000000000007,40.76000000000004
40.77000000000004,-73.91000000000007,40.780000000000044,367,-73.90000000000008,-73.92000000000007,40.76000000000004
40.77000000000004,-73.89000000000007,40.780000000000044,368,-73.88000000000008,-73.90000000000008,40.76000000000004
40.77000000000004,-73.87000000000008,40.780000000000044,369,-73.86000000000008,-73.88000000000008,40.76000000000004
40.77000000000004,-73.85000000000008,40.780000000000044,370,-73.84000000000009,-73.86000000000008,40.76000000000004
40.77000000000004,-73.83000000000008,40.780000000000044,371,-73.82000000000009,-73.84000000000009,40.76000000000004
40.77000000000004,-73.81000000000009,40.780000000000044,372,-73.8000000000001,-73.82000000000009,40.76000000000004
40.77000000000004,-73.79000000000009,40.780000000000044,373,-73.7800000000001,-73.8000000000001,40.76000000000004
40.77000000000004,-73.7700000000001,40.780000000000044,374,-73.7600000000001,-73.7800000000001,40.76000000000004
40.79000000000004,-74.25,40.80000000000005,375,-74.24000000000001,-74.26,40.780000000000044
40.79000000000004,-74.23,40.80000000000005,376,-74.22000000000001,-74.24000000000001,40.780000000000044
40.79000000000004,-74.21000000000001,40.80000000000005,377,-74.20000000000002,-74.22000000000001,40.780000000000044
40.79000000000004,-74.19000000000001,40.80000000000005,378,-74.18000000000002,-74.20000000000002,40.780000000000044
40.79000000000004,-74.17000000000002,40.80000000000005,379,-74.16000000000003,-74.18000000000002,40.780000000000044
40.79000000000004,-74.15000000000002,40.80000000000005,380,-74.14000000000003,-74.16000000000003,40.780000000000044
40.79000000000004,-74.13000000000002,40.80000000000005,381,-74.12000000000003,-74.14000000000003,40.780000000000044
40.79000000000004,-74.11000000000003,40.80000000000005,382,-74.10000000000004,-74.12000000000003,40.780000000000044
40.79000000000004,-74.09000000000003,40.80000000000005,383,-74.08000000000004,-74.10000000000004,40.780000000000044
40.79000000000004,-74.07000000000004,40.80000000000005,384,-74.06000000000004,-74.08000000000004,40.780000000000044
40.79000000000004,-74.05000000000004,40.80000000000005,385,-74.04000000000005,-74.06000000000004,40.780000000000044
40.79000000000004,-74.03000000000004,40.80000000000005,386,-74.02000000000005,-74.04000000000005,40.780000000000044
40.79000000000004,-74.01000000000005,40.80000000000005,387,-74.00000000000006,-74.02000000000005,40.780000000000044
40.79000000000004,-73.99000000000005,40.80000000000005,388,-73.98000000000006,-74.00000000000006,40.780000000000044
40.79000000000004,-73.97000000000006,40.80000000000005,389,-73.96000000000006,-73.98000000000006,40.780000000000044
40.79000000000004,-73.95000000000006,40.80000000000005,390,-73.94000000000007,-73.96000000000006,40.780000000000044
40.79000000000004,-73.93000000000006,40.80000000000005,391,-73.92000000000007,-73.94000000000007,40.780000000000044
40.79000000000004,-73.91000000000007,40.80000000000005,392,-73.90000000000008,-73.92000000000007,40.780000000000044
40.79000000000004,-73.89000000000007,40.80000000000005,393,-73.88000000000008,-73.90000000000008,40.780000000000044
40.79000000000004,-73.87000000000008,40.80000000000005,394,-73.86000000000008,-73.88000000000008,40.780000000000044
40.79000000000004,-73.85000000000008,40.80000000000005,395,-73.84000000000009,-73.86000000000008,40.780000000000044
40.79000000000004,-73.83000000000008,40.80000000000005,396,-73.82000000000009,-73.84000000000009,40.780000000000044
40.79000000000004,-73.81000000000009,40.80000000000005,397,-73.8000000000001,-73.82000000000009,40.780000000000044
40.79000000000004,-73.79000000000009,40.80000000000005,398,-73.7800000000001,-73.8000000000001,40.780000000000044
40.79000000000004,-73.7700000000001,40.80000000000005,399,-73.7600000000001,-73.7800000000001,40.780000000000044
40.810000000000045,-74.25,40.82000000000005,400,-74.24000000000001,-74.26,40.80000000000005
40.810000000000045,-74.23,40.82000000000005,401,-74.22000000000001,-74.24000000000001,40.80000000000005
40.810000000000045,-74.21000000000001,40.82000000000005,402,-74.20000000000002,-74.22000000000001,40.80000000000005
40.810000000000045,-74.19000000000001,40.82000000000005,403,-74.18000000000002,-74.20000000000002,40.80000000000005
40.810000000000045,-74.17000000000002,40.82000000000005,404,-74.16000000000003,-74.18000000000002,40.80000000000005
40.810000000000045,-74.15000000000002,40.82000000000005,405,-74.14000000000003,-74.16000000000003,40.80000000000005
40.810000000000045,-74.13000000000002,40.82000000000005,406,-74.12000000000003,-74.14000000000003,40.80000000000005
40.810000000000045,-74.11000000000003,40.82000000000005,407,-74.10000000000004,-74.12000000000003,40.80000000000005
40.810000000000045,-74.09000000000003,40.82000000000005,408,-74.08000000000004,-74.10000000000004,40.80000000000005
40.810000000000045,-74.07000000000004,40.82000000000005,409,-74.06000000000004,-74.08000000000004,40.80000000000005
40.810000000000045,-74.05000000000004,40.82000000000005,410,-74.04000000000005,-74.06000000000004,40.80000000000005
40.810000000000045,-74.03000000000004,40.82000000000005,411,-74.02000000000005,-74.04000000000005,40.80000000000005
40.810000000000045,-74.01000000000005,40.82000000000005,412,-74.00000000000006,-74.02000000000005,40.80000000000005
40.810000000000045,-73.99000000000005,40.82000000000005,413,-73.98000000000006,-74.00000000000006,40.80000000000005
40.810000000000045,-73.97000000000006,40.82000000000005,414,-73.96000000000006,-73.98000000000006,40.80000000000005
40.810000000000045,-73.95000000000006,40.82000000000005,415,-73.94000000000007,-73.96000000000006,40.80000000000005
40.810000000000045,-73.93000000000006,40.82000000000005,416,-73.92000000000007,-73.94000000000007,40.80000000000005
40.810000000000045,-73.91000000000007,40.82000000000005,417,-73.90000000000008,-73.92000000000007,40.80000000000005
40.810000000000045,-73.89000000000007,40.82000000000005,418,-73.88000000000008,-73.90000000000008,40.80000000000005
40.810000000000045,-73.87000000000008,40.82000000000005,419,-73.86000000000008,-73.88000000000008,40.80000000000005
40.810000000000045,-73.85000000000008,40.82000000000005,420,-73.84000000000009,-73.86000000000008,40.80000000000005
40.810000000000045,-73.83000000000008,40.82000000000005,421,-73.82000000000009,-73.84000000000009,40.80000000000005
40.810000000000045,-73.81000000000009,40.82000000000005,422,-73.8000000000001,-73.82000000000009,40.80000000000005
40.810000000000045,-73.79000000000009,40.82000000000005,423,-73.7800000000001,-73.8000000000001,40.80000000000005
40.810000000000045,-73.7700000000001,40.82000000000005,424,-73.7600000000001,-73.7800000000001,40.80000000000005
40.83000000000005,-74.25,40.84000000000005,425,-74.24000000000001,-74.26,40.82000000000005
40.83000000000005,-74.23,40.84000000000005,426,-74.22000000000001,-74.24000000000001,40.82000000000005
40.83000000000005,-74.21000000000001,40.84000000000005,427,-74.20000000000002,-74.22000000000001,40.82000000000005
40.83000000000005,-74.19000000000001,40.84000000000005,428,-74.18000000000002,-74.20000000000002,40.82000000000005
40.83000000000005,-74.17000000000002,40.84000000000005,429,-74.16000000000003,-74.18000000000002,40.82000000000005
40.83000000000005,-74.15000000000002,40.84000000000005,430,-74.14000000000003,-74.16000000000003,40.82000000000005
40.83000000000005,-74.13000000000002,40.84000000000005,431,-74.12000000000003,-74.14000000000003,40.82000000000005
40.83000000000005,-74.11000000000003,40.84000000000005,432,-74.10000000000004,-74.12000000000003,40.82000000000005
40.83000000000005,-74.09000000000003,40.84000000000005,433,-74.08000000000004,-74.10000000000004,40.82000000000005
40.83000000000005,-74.07000000000004,40.84000000000005,434,-74.06000000000004,-74.08000000000004,40.82000000000005
40.83000000000005,-74.05000000000004,40.84000000000005,435,-74.04000000000005,-74.06000000000004,40.82000000000005
40.83000000000005,-74.03000000000004,40.84000000000005,436,-74.02000000000005,-74.04000000000005,40.82000000000005
40.83000000000005,-74.01000000000005,40.84000000000005,437,-74.00000000000006,-74.02000000000005,40.82000000000005
40.83000000000005,-73.99000000000005,40.84000000000005,438,-73.98000000000006,-74.00000000000006,40.82000000000005
40.83000000000005,-73.97000000000006,40.84000000000005,439,-73.96000000000006,-73.98000000000006,40.82000000000005
40.83000000000005,-73.95000000000006,40.84000000000005,440,-73.94000000000007,-73.96000000000006,40.82000000000005
40.83000000000005,-73.93000000000006,40.84000000000005,441,-73.92000000000007,-73.94000000000007,40.82000000000005
40.83000000000005,-73.91000000000007,40.84000000000005,442,-73.90000000000008,-73.92000000000007,40.82000000000005
40.83000000000005,-73.89000000000007,40.84000000000005,443,-73.88000000000008,-73.90000000000008,40.82000000000005
40.83000000000005,-73.87000000000008,40.84000000000005,444,-73.86000000000008,-73.88000000000008,40.82000000000005
40.83000000000005,-73.85000000000008,40.84000000000005,445,-73.84000000000009,-73.86000000000008,40.82000000000005
40.83000000000005,-73.83000000000008,40.84000000000005,446,-73.82000000000009,-73.84000000000009,40.82000000000005
40.83000000000005,-73.81000000000009,40.84000000000005,447,-73.8000000000001,-73.82000000000009,40.82000000000005
40.83000000000005,-73.79000000000009,40.84000000000005,448,-73.7800000000001,-73.8000000000001,40.82000000000005
40.83000000000005,-73.7700000000001,40.84000000000005,449,-73.7600000000001,-73.7800000000001,40.82000000000005
40.85000000000005,-74.25,40.860000000000056,450,-74.24000000000001,-74.26,40.84000000000005
40.85000000000005,-74.23,40.860000000000056,451,-74.22000000000001,-74.24000000000001,40.84000000000005
40.85000000000005,-74.21000000000001,40.860000000000056,452,-74.20000000000002,-74.22000000000001,40.84000000000005
40.85000000000005,-74.19000000000001,40.860000000000056,453,-74.18000000000002,-74.20000000000002,40.84000000000005
40.85000000000005,-74.17000000000002,40.860000000000056,454,-74.16000000000003,-74.18000000000002,40.84000000000005
40.85000000000005,-74.15000000000002,40.860000000000056,455,-74.14000000000003,-74.16000000000003,40.84000000000005
40.85000000000005,-74.13000000000002,40.860000000000056,456,-74.12000000000003,-74.14000000000003,40.84000000000005
40.85000000000005,-74.11000000000003,40.860000000000056,457,-74.10000000000004,-74.12000000000003,40.84000000000005
40.85000000000005,-74.09000000000003,40.860000000000056,458,-74.08000000000004,-74.10000000000004,40.84000000000005
40.85000000000005,-74.07000000000004,40.860000000000056,459,-74.06000000000004,-74.08000000000004,40.84000000000005
40.85000000000005,-74.05000000000004,40.860000000000056,460,-74.04000000000005,-74.06000000000004,40.84000000000005
40.85000000000005,-74.03000000000004,40.860000000000056,461,-74.02000000000005,-74.04000000000005,40.84000000000005
40.85000000000005,-74.01000000000005,40.860000000000056,462,-74.00000000000006,-74.02000000000005,40.84000000000005
40.85000000000005,-73.99000000000005,40.860000000000056,463,-73.98000000000006,-74.00000000000006,40.84000000000005
40.85000000000005,-73.97000000000006,40.860000000000056,464,-73.96000000000006,-73.98000000000006,40.84000000000005
40.85000000000005,-73.95000000000006,40.860000000000056,465,-73.94000000000007,-73.96000000000006,40.84000000000005
40.85000000000005,-73.93000000000006,40.860000000000056,466,-73.92000000000007,-73.94000000000007,40.84000000000005
40.85000000000005,-73.91000000000007,40.860000000000056,467,-73.90000000000008,-73.92000000000007,40.84000000000005
40.85000000000005,-73.89000000000007,40.860000000000056,468,-73.88000000000008,-73.90000000000008,40.84000000000005
40.85000000000005,-73.87000000000008,40.860000000000056,469,-73.86000000000008,-73.88000000000008,40.84000000000005
40.85000000000005,-73.85000000000008,40.860000000000056,470,-73.84000000000009,-73.86000000000008,40.84000000000005
40.85000000000005,-73.83000000000008,40.860000000000056,471,-73.82000000000009,-73.84000000000009,40.84000000000005
40.85000000000005,-73.81000000000009,40.860000000000056,472,-73.8000000000001,-73.82000000000009,40.84000000000005
40.85000000000005,-73.79000000000009,40.860000000000056,473,-73.7800000000001,-73.8000000000001,40.84000000000005
40.85000000000005,-73.7700000000001,40.860000000000056,474,-73.7600000000001,-73.7800000000001,40.84000000000005
40.870000000000054,-74.25,40.88000000000006,475,-74.24000000000001,-74.26,40.860000000000056
40.870000000000054,-74.23,40.88000000000006,476,-74.22000000000001,-74.24000000000001,40.860000000000056
40.870000000000054,-74.21000000000001,40.88000000000006,477,-74.20000000000002,-74.22000000000001,40.860000000000056
40.870000000000054,-74.19000000000001,40.88000000000006,478,-74.18000000000002,-74.20000000000002,40.860000000000056
40.870000000000054,-74.17000000000002,40.88000000000006,479,-74.16000000000003,-74.18000000000002,40.860000000000056
40.870000000000054,-74.15000000000002,40.88000000000006,480,-74.14000000000003,-74.16000000000003,40.860000000000056
40.870000000000054,-74.13000000000002,40.88000000000006,481,-74.12000000000003,-74.14000000000003,40.860000000000056
40.870000000000054,-74.11000000000003,40.88000000000006,482,-74.10000000000004,-74.12000000000003,40.860000000000056
40.870000000000054,-74.09000000000003,40.88000000000006,483,-74.08000000000004,-74.10000000000004,40.860000000000056
40.870000000000054,-74.07000000000004,40.88000000000006,484,-74.06000000000004,-74.08000000000004,40.860000000000056
40.870000000000054,-74.05000000000004,40.88000000000006,485,-74.04000000000005,-74.06000000000004,40.860000000000056
40.870000000000054,-74.03000000000004,40.88000000000006,486,-74.02000000000005,-74.04000000000005,40.860000000000056
40.870000000000054,-74.01000000000005,40.88000000000006,487,-74.00000000000006,-74.02000000000005,40.860000000000056
40.870000000000054,-73.99000000000005,40.88000000000006,488,-73.98000000000006,-74.00000000000006,40.860000000000056
40.870000000000054,-73.97000000000006,40.88000000000006,489,-73.96000000000006,-73.98000000000006,40.860000000000056
40.870000000000054,-73.95000000000006,40.88000000000006,490,-73.94000000000007,-73.96000000000006,40.860000000000056
40.870000000000054,-73.93000000000006,40.88000000000006,491,-73.92000000000007,-73.94000000000007,40.860000000000056
40.870000000000054,-73.91000000000007,40.88000000000006,492,-73.90000000000008,-73.92000000000007,40.860000000000056
40.870000000000054,-73.89000000000007,40.88000000000006,493,-73.88000000000008,-73.90000000000008,40.860000000000056
40.870000000000054,-73.87000000000008,40.88000000000006,494,-73.86000000000008,-73.88000000000008,40.860000000000056
40.870000000000054,-73.85000000000008,40.88000000000006,495,-73.84000000000009,-73.86000000000008,40.860000000000056
40.870000000000054,-73.83000000000008,40.88000000000006,496,-73.82000000000009,-73.84000000000009,40.860000000000056
40.870000000000054,-73.81000000000009,40.88000000000006,497,-73.8000000000001,-73.82000000000009,40.860000000000056
40.870000000000054,-73.79000000000009,40.88000000000006,498,-73.7800000000001,-73.8000000000001,40.860000000000056
40.870000000000054,-73.7700000000001,40.88000000000006,499,-73.7600000000001,-73.7800000000001,40.860000000000056
40.89000000000006,-74.25,40.90000000000006,500,-74.24000000000001,-74.26,40.88000000000006
40.89000000000006,-74.23,40.90000000000006,501,-74.22000000000001,-74.24000000000001,40.88000000000006
40.89000000000006,-74.21000000000001,40.90000000000006,502,-74.20000000000002,-74.22000000000001,40.88000000000006
40.89000000000006,-74.19000000000001,40.90000000000006,503,-74.18000000000002,-74.20000000000002,40.88000000000006
40.89000000000006,-74.17000000000002,40.90000000000006,504,-74.16000000000003,-74.18000000000002,40.88000000000006
40.89000000000006,-74.15000000000002,40.90000000000006,505,-74.14000000000003,-74.16000000000003,40.88000000000006
40.89000000000006,-74.13000000000002,40.90000000000006,506,-74.12000000000003,-74.14000000000003,40.88000000000006
40.89000000000006,-74.11000000000003,40.90000000000006,507,-74.10000000000004,-74.12000000000003,40.88000000000006
40.89000000000006,-74.09000000000003,40.90000000000006,508,-74.08000000000004,-74.10000000000004,40.88000000000006
40.89000000000006,-74.07000000000004,40.90000000000006,509,-74.06000000000004,-74.08000000000004,40.88000000000006
40.89000000000006,-74.05000000000004,40.90000000000006,510,-74.04000000000005,-74.06000000000004,40.88000000000006
40.89000000000006,-74.03000000000004,40.90000000000006,511,-74.02000000000005,-74.04000000000005,40.88000000000006
40.89000000000006,-74.01000000000005,40.90000000000006,512,-74.00000000000006,-74.02000000000005,40.88000000000006
40.89000000000006,-73.99000000000005,40.90000000000006,513,-73.98000000000006,-74.00000000000006,40.88000000000006
40.89000000000006,-73.97000000000006,40.90000000000006,514,-73.96000000000006,-73.98000000000006,40.88000000000006
40.89000000000006,-73.95000000000006,40.90000000000006,515,-73.94000000000007,-73.96000000000006,40.88000000000006
40.89000000000006,-73.93000000000006,40.90000000000006,516,-73.92000000000007,-73.94000000000007,40.88000000000006
40.89000000000006,-73.91000000000007,40.90000000000006,517,-73.90000000000008,-73.92000000000007,40.88000000000006
40.89000000000006,-73.89000000000007,40.90000000000006,518,-73.88000000000008,-73.90000000000008,40.88000000000006
40.89000000000006,-73.87000000000008,40.90000000000006,519,-73.86000000000008,-73.88000000000008,40.88000000000006
40.89000000000006,-73.85000000000008,40.90000000000006,520,-73.84000000000009,-73.86000000000008,40.88000000000006
40.89000000000006,-73.83000000000008,40.90000000000006,521,-73.82000000000009,-73.84000000000009,40.88000000000006
40.89000000000006,-73.81000000000009,40.90000000000006,522,-73.8000000000001,-73.82000000000009,40.88000000000006
40.89000000000006,-73.79000000000009,40.90000000000006,523,-73.7800000000001,-73.8000000000001,40.88000000000006
40.89000000000006,-73.7700000000001,40.90000000000006,524,-73.7600000000001,-73.7800000000001,40.88000000000006
40.91000000000006,-74.25,40.920000000000066,525,-74.24000000000001,-74.26,40.90000000000006
40.91000000000006,-74.23,40.920000000000066,526,-74.22000000000001,-74.24000000000001,40.90000000000006
40.91000000000006,-74.21000000000001,40.920000000000066,527,-74.20000000000002,-74.22000000000001,40.90000000000006
40.91000000000006,-74.19000000000001,40.920000000000066,528,-74.18000000000002,-74.20000000000002,40.90000000000006
40.91000000000006,-74.17000000000002,40.920000000000066,529,-74.16000000000003,-74.18000000000002,40.90000000000006
40.91000000000006,-74.15000000000002,40.920000000000066,530,-74.14000000000003,-74.16000000000003,40.90000000000006
40.91000000000006,-74.13000000000002,40.920000000000066,531,-74.12000000000003,-74.14000000000003,40.90000000000006
40.91000000000006,-74.11000000000003,40.920000000000066,532,-74.10000000000004,-74.12000000000003,40.90000000000006
40.91000000000006,-74.09000000000003,40.920000000000066,533,-74.08000000000004,-74.10000000000004,40.90000000000006
40.91000000000006,-74.07000000000004,40.920000000000066,534,-74.06000000000004,-74.08000000000004,40.90000000000006
40.91000000000006,-74.05000000000004,40.920000000000066,535,-74.04000000000005,-74.06000000000004,40.90000000000006
40.91000000000006,-74.03000000000004,40.920000000000066,536,-74.02000000000005,-74.04000000000005,40.90000000000006
40.91000000000006,-74.01000000000005,40.920000000000066,537,-74.00000000000006,-74.02000000000005,40.90000000000006
40.91000000000006,-73.99000000000005,40.920000000000066,538,-73.98000000000006,-74.00000000000006,40.90000000000006
40.91000000000006,-73.97000000000006,40.920000000000066,539,-73.96000000000006,-73.98000000000006,40.90000000000006
40.91000000000006,-73.95000000000006,40.920000000000066,540,-73.94000000000007,-73.96000000000006,40.90000000000006
40.91000000000006,-73.93000000000006,40.920000000000066,541,-73.92000000000007,-73.94000000000007,40.90000000000006
40.91000000000006,-73.91000000000007,40.920000000000066,542,-73.90000000000008,-73.92000000000007,40.90000000000006
40.91000000000006,-73.89000000000007,40.920000000000066,543,-73.88000000000008,-73.90000000000008,40.90000000000006
40.91000000000006,-73.87000000000008,40.920000000000066,544,-73.86000000000008,-73.88000000000008,40.90000000000006
40.91000000000006,-73.85000000000008,40.920000000000066,545,-73.84000000000009,-73.86000000000008,40.90000000000006
40.91000000000006,-73.83000000000008,40.920000000000066,546,-73.82000000000009,-73.84000000000009,40.90000000000006
40.91000000000006,-73.81000000000009,40.920000000000066,547,-73.8000000000001,-73.82000000000009,40.90000000000006
40.91000000000006,-73.79000000000009,40.920000000000066,548,-73.7800000000001,-73.8000000000001,40.90000000000006
40.91000000000006,-73.7700000000001,40.920000000000066,549,-73.7600000000001,-73.7800000000001,40.90000000000006
